rate,first_name
200,伟
199,刚
198,勇
197,毅
196,俊
195,峰
194,强
193,军
192,平
191,保
190,东
189,文
188,辉
187,力
186,明
185,永
184,健
183,世
182,广
181,志
180,义
179,兴
178,良
177,海
176,山
175,仁
174,波
173,宁
172,贵
171,福
170,生
169,龙
168,元
167,全
166,国
165,胜
164,学
163,祥
162,才
161,发
160,武
159,新
158,利
157,清
156,飞
155,彬
154,富
153,顺
152,信
151,子
150,杰
149,涛
148,昌
147,成
146,康
145,星
144,光
143,天
142,达
141,安
140,岩
139,中
138,茂
137,进
136,林
135,有
134,坚
133,和
132,彪
131,博
130,诚
129,先
128,敬
127,震
126,振
125,壮
124,会
123,思
122,群
121,豪
120,心
119,邦
118,承
117,乐
116,绍
115,功
114,松
113,善
112,厚
111,庆
110,磊
109,民
108,友
107,裕
106,河
105,哲
104,江
103,超
102,浩
101,亮
100,政
99,谦
98,亨
97,奇
96,固
95,之
94,轮
93,翰
92,朗
91,伯
90,宏
89,言
88,若
87,鸣
86,朋
85,斌
84,梁
83,栋
82,维
81,启
80,克
79,伦
78,翔
77,旭
76,鹏
75,泽
74,晨
73,辰
72,士
71,以
70,建
69,家
68,致
67,树
66,炎
65,德
64,行
63,时
62,泰
61,盛
60,雄
59,琛
58,钧
57,冠
56,策
55,腾
54,楠
53,榕
52,风
51,航
50,弘
